<CUSTOMERCOMPLAINT>
	<VERSION>2</VERSION>
	<CUSTOMER_NAME>
		<N_FIRST>Ed</N_FIRST>
		<N_LAST>Fletcher</N_LAST>
	</CUSTOMER_NAME>
	<CUSTOMER_ADDRESS>
		<A_LINE>Mail Point 135</A_LINE>
		<A_LINE>Hursley Park</A_LINE>
		<TOWN>Winchester</TOWN>
		<ZIP>SO21 2JN</ZIP>
		<COUNTRY>UK</COUNTRY>
	</CUSTOMER_ADDRESS>
	<COMPLAINT>
		<C_TYPE>Order</C_TYPE>
		<C_REF>XYZ123ABC</C_REF>
		<C_TEXT>I placed an order on 15-11-05, well in time for Christmas and I still have not had a delivery schedule sent to me. Please cancel the order and refund me NOW.</C_TEXT>
	</COMPLAINT>
</CUSTOMERCOMPLAINT>